ql0fx,green,,,
q1j1j,orange,,,
q9d2t,white,yellow,,
q9d2l,green,,,
qgr5m,blue,,,
qgrkc,blue,,,
qgrk6,pink,,,
q9dvk,purple,,,
q9dvw,orange,yellow,beige,
qgw51,white,purple,pink,
qgw5n,yellow,,,
qgw5j,green,,,
qgw5b,yellow,,,
qgw55,pink,beige,,
qgw5k,blue,purple,,
qgw52,pink,,,
qgw5m,purple,pink,,
qgwkc,green,,,
qgwks,blue,sky,,
qgwk5,gray,white,,
qgwwt,yellow,orange,,
qgww8,gray,purple,,
qp2hd,blue,,,
0d4mb,gray,purple,,
qp2h8,purple,pink,,
qp2hl,green,,,
qp2h9,red,orange,,
qp2h3,blue,,,
qp2hr,green,,,
qp2hp,purple,,,
qp2h4,brown,gray,,
qp2hz,red,brown,,
qp2h1,blue,sky,,
qp2hn,pink,purple,,
qp2h5,blue,,,
qp2hk,purple,blue,,
qp2hw,green,,,
qp2hh,yellow,orange,,
qp2hq,purple,pink,,
qp2h0,green,yellow,,
qp2hv,white,pink,purple,
qp2q6,green,brown,,
qp2qt,blue,,,
qp201,gray,,,
qp2v9,gray,white,,
q4gbx,green,,,
q4gbq,pink,orange,beige,
q4gbb,yellow,,,
q4g57,pink,mystic,,
qbwln,white,gray,,
qbwlj,blue,,,
qbwlh,yellow,white,,
qbwlq,brown,gray,mystic,beige
qbwl0,green,,,
qbwft,blue,sky,,
qbwfp,pink,,,
qbwfk,purple,,,
qbwfw,green,,,
q5z5m,green,,,
q5wqc,purple,blue,,
0l8ch,black,gray,,
vh5c7,yellow,,,
09kwb,sky,,,
04plc,purple,,,
093qz,green,,,
04p8v,pink,purple,,
09kwq,blue,,,
09kw3,gray,,,
093q1,green,,,
09kwz,pink,purple,,
qk34l,beige,pink,,
0ch3m,green,,,
0chrc,purple,pink,,
0chr6,pink,,,
0chrs,purple,,,
0chr7,purple,,,
0chr8,purple,blue,,
0chrl,yellow,brown,,
0chrf,green,sky,,
065rb,blue,,,
065r2,white,sky,,
065rq,sky,,,
065rv,white,gray,,
065pc,sky,blue,,
065px,yellow,beige,,
065pt,brown,gray,,
065p8,purple,,,
065pn,purple,,,
065p5,blue,,,
065pk,red,brown,,
065ph,gray,,,
065pq,pink,,,
0654d,black,,,
0654t,sky,,,
6548,orange,,,
0654f,gray,purple,pink,
0f1j2,pink,,,
09s16,blue,,,
09s1x,blue,purple,,
09s1d,sky,,,
09s18,brown,,,
09s1f,sky,,,
032t1,brown,white,,
04rbg,purple ,rose,,
0pfpn,blue,white,,
0pf4x,blue,,,
0pf4s,pink,,,
0pf4d,brown,,,
0pf4l,blue,,,
0pf4g,purple,,,
0pf4z,green,,,
0pf4j,pink,,,
0pb8h,blue,purple,,
0pb8v,purple,pink,,
0pb8m,yellow,orange,,
0pblt,pink,,,
0pbl4,white,gray,,
0pbl1,blue,gray,,
0pbln,yellow,,,
0pbl5,green,,,
0pbl0,orange,,,
0pblv,pink,mystic,,
0pbfc,pink,,,
04pfv,pink,,,
0zqm1,purple,,,
0zqmn,pink,,,
01khd,black,,,
014f2,sky,,,
vq6wk,red,,,